"Fecha","Último","Apertura","Máximo","Mínimo","Vol.","% var."
"14.06.2024","0,00001160","0,00001190","0,00001227","0,00001060","41.859,96B","-2,52%"
"13.06.2024","0,00001190","0,00001321","0,00001332","0,00001172","37.505,38B","-9,92%"
"12.06.2024","0,00001321","0,00001274","0,00001388","0,00001212","57.566,57B","3,69%"
"11.06.2024","0,00001274","0,00001208","0,00001300","0,00001145","52.794,46B","5,46%"
"10.06.2024","0,00001208","0,00001275","0,00001309","0,00001206","26.339,15B","-5,25%"
"09.06.2024","0,00001275","0,00001211","0,00001294","0,00001187","28.787,62B","5,20%"
"08.06.2024","0,00001212","0,00001280","0,00001322","0,00001200","34.826,08B","-5,31%"
"07.06.2024","0,00001280","0,00001434","0,00001452","0,00001154","56.525,60B","-10,74%"
"06.06.2024","0,00001434","0,00001460","0,00001518","0,00001426","25.282,10B","-1,58%"
"05.06.2024","0,00001457","0,00001436","0,00001506","0,00001409","35.900,75B","1,46%"
"04.06.2024","0,00001436","0,00001444","0,00001478","0,00001400","34.006,30B","-0,55%"
"03.06.2024","0,00001444","0,00001462","0,00001548","0,00001436","38.602,28B","-1,23%"
"02.06.2024","0,00001462","0,00001486","0,00001505","0,00001391","36.679,70B","-1,62%"
"01.06.2024","0,00001486","0,00001542","0,00001573","0,00001475","30.091,06B","-3,63%"
"31.05.2024","0,00001542","0,00001441","0,00001576","0,00001429","53.838,66B","7,01%"
"30.05.2024","0,00001441","0,00001476","0,00001521","0,00001318","74.450,57B","-2,37%"
"29.05.2024","0,00001476","0,00001601","0,00001653","0,00001442","53.484,73B","-7,81%"
"28.05.2024","0,00001601","0,00001671","0,00001710","0,00001568","61.951,38B","-4,19%"
"27.05.2024","0,00001671","0,00001604","0,00001722","0,00001601","62.908,70B","4,44%"
"26.05.2024","0,00001600","0,00001495","0,00001636","0,00001467","59.470,89B","7,02%"
"25.05.2024","0,00001495","0,00001414","0,00001580","0,00001411","56.381,56B","5,73%"
"24.05.2024","0,00001414","0,00001492","0,00001515","0,00001345","58.122,61B","-5,23%"
"23.05.2024","0,00001492","0,00001340","0,00001565","0,00001310","124.314,03B","11,34%"
"22.05.2024","0,00001340","0,00001382","0,00001427","0,00001256","91.546,60B","-3,04%"
"21.05.2024","0,00001382","0,00001140","0,00001408","0,00001085","124.117,92B","21,23%"
"20.05.2024","0,00001140","0,00000916","0,00001140","0,00000896","73.761,62B","24,45%"
"19.05.2024","0,00000916","0,00000955","0,00000960","0,00000891","28.050,28B","-4,08%"
"18.05.2024","0,00000955","0,00001018","0,00001045","0,00000921","34.953,02B","-6,19%"
"17.05.2024","0,00001018","0,00001004","0,00001043","0,00000984","37.853,28B","1,39%"
"16.05.2024","0,00001004","0,00001052","0,00001079","0,00000963","55.479,93B","-4,56%"
"15.05.2024","0,00001052","0,00001056","0,00001158","0,00000998","101.347,72B","-0,38%"
"14.05.2024","0,00001056","0,00000992","0,00001135","0,00000984","133.624,43B","6,45%"
"13.05.2024","0,00000992","0,00000875","0,00001107","0,00000830","119.194,07B","13,37%"
"12.05.2024","0,00000875","0,00000852","0,00000895","0,00000849","27.898,23B","2,70%"
"11.05.2024","0,00000852","0,00000840","0,00000894","0,00000839","38.543,09B","1,43%"
"10.05.2024","0,00000840","0,00000854","0,00000881","0,00000821","49.283,34B","-1,64%"
"09.05.2024","0,00000854","0,00000798","0,00000873","0,00000791","58.592,43B","7,02%"
"08.05.2024","0,00000798","0,00000789","0,00000825","0,00000763","46.603,14B","1,01%"
"07.05.2024","0,00000790","0,00000835","0,00000864","0,00000789","46.258,64B","-5,39%"
"06.05.2024","0,00000835","0,00000853","0,00000914","0,00000832","67.091,56B","-2,11%"
"05.05.2024","0,00000853","0,00000867","0,00000877","0,00000827","45.871,91B","-1,61%"
"04.05.2024","0,00000867","0,00000808","0,00000896","0,00000802","71.114,61B","7,30%"
"03.05.2024","0,00000808","0,00000754","0,00000827","0,00000745","79.079,87B","7,16%"
"02.05.2024","0,00000754","0,00000700","0,00000786","0,00000669","87.584,17B","7,71%"
"01.05.2024","0,00000700","0,00000666","0,00000720","0,00000596","94.780,40B","5,11%"
"30.04.2024","0,00000666","0,00000735","0,00000759","0,00000635","73.499,01B","-9,39%"
"29.04.2024","0,00000735","0,00000724","0,00000748","0,00000680","50.728,01B","1,52%"
"28.04.2024","0,00000724","0,00000722","0,00000774","0,00000715","44.009,99B","0,28%"
"27.04.2024","0,00000722","0,00000738","0,00000742","0,00000669","50.842,98B","-2,17%"
"26.04.2024","0,00000738","0,00000779","0,00000788","0,00000724","62.087,43B","-5,26%"
"25.04.2024","0,00000779","0,00000725","0,00000805","0,00000695","86.192,04B","7,60%"
"24.04.2024","0,00000724","0,00000768","0,00000817","0,00000705","104.764,96B","-5,73%"
"23.04.2024","0,00000768","0,00000688","0,00000784","0,00000665","111.300,24B","11,63%"
"22.04.2024","0,00000688","0,00000600","0,00000697","0,00000593","96.863,89B","17,41%"
"21.04.2024","0,00000586","0,00000581","0,00000622","0,00000562","64.021,91B","0,86%"
"20.04.2024","0,00000581","0,00000514","0,00000588","0,00000502","50.692,35B","13,04%"
"19.04.2024","0,00000514","0,00000508","0,00000544","0,00000461","71.769,53B","1,18%"
"18.04.2024","0,00000508","0,00000492","0,00000530","0,00000465","51.614,05B","3,25%"
"17.04.2024","0,00000492","0,00000540","0,00000548","0,00000487","57.972,22B","-8,89%"
"16.04.2024","0,00000540","0,00000509","0,00000554","0,00000476","66.790,12B","6,09%"
"15.04.2024","0,00000509","0,00000544","0,00000579","0,00000475","78.653,90B","-6,26%"
"14.04.2024","0,00000543","0,00000505","0,00000555","0,00000483","98.860,97B","7,52%"
"13.04.2024","0,00000505","0,00000592","0,00000605","0,00000402","154.072,96B","-14,70%"
"12.04.2024","0,00000592","0,00000731","0,00000755","0,00000479","112.265,29B","-19,02%"
"11.04.2024","0,00000731","0,00000714","0,00000752","0,00000682","54.108,40B","2,38%"
"10.04.2024","0,00000714","0,00000704","0,00000725","0,00000670","46.931,87B","1,42%"
"09.04.2024","0,00000704","0,00000777","0,00000785","0,00000694","39.552,60B","-9,40%"
"08.04.2024","0,00000777","0,00000743","0,00000795","0,00000720","41.662,08B","4,58%"
"07.04.2024","0,00000743","0,00000677","0,00000752","0,00000673","38.447,15B","9,75%"
"06.04.2024","0,00000677","0,00000657","0,00000687","0,00000654","15.836,72B","3,04%"
"05.04.2024","0,00000657","0,00000692","0,00000699","0,00000636","32.232,88B","-5,06%"
"04.04.2024","0,00000692","0,00000681","0,00000719","0,00000661","37.076,51B","1,62%"
"03.04.2024","0,00000681","0,00000724","0,00000743","0,00000661","53.486,73B","-6,07%"
"02.04.2024","0,00000725","0,00000792","0,00000793","0,00000690","74.497,90B","-8,46%"
"01.04.2024","0,00000792","0,00000881","0,00000881","0,00000766","69.043,06B","-10,10%"
"31.03.2024","0,00000881","0,00000813","0,00000917","0,00000803","63.115,17B","8,50%"
"30.03.2024","0,00000812","0,00000774","0,00000884","0,00000771","70.927,38B","4,91%"
"29.03.2024","0,00000774","0,00000800","0,00000805","0,00000759","33.058,81B","-3,25%"
"28.03.2024","0,00000800","0,00000762","0,00000832","0,00000739","57.310,26B","4,99%"
"27.03.2024","0,00000762","0,00000804","0,00000836","0,00000752","49.904,55B","-5,22%"
"26.03.2024","0,00000804","0,00000810","0,00000869","0,00000786","63.188,58B","-0,74%"
"25.03.2024","0,00000810","0,00000781","0,00000849","0,00000743","76.805,99B","3,58%"
"24.03.2024","0,00000782","0,00000732","0,00000798","0,00000718","38.951,10B","6,68%"
"23.03.2024","0,00000733","0,00000741","0,00000773","0,00000732","48.231,01B","-1,08%"
"22.03.2024","0,00000741","0,00000789","0,00000826","0,00000711","70.136,77B","-6,08%"
"21.03.2024","0,00000789","0,00000836","0,00000845","0,00000767","80.756,13B","-5,73%"
"20.03.2024","0,00000837","0,00000661","0,00000857","0,00000643","155.131,87B","26,63%"
"19.03.2024","0,00000661","0,00000681","0,00000741","0,00000584","139.695,61B","-2,94%"
"18.03.2024","0,00000681","0,00000784","0,00000818","0,00000661","81.109,88B","-13,14%"
"17.03.2024","0,00000784","0,00000743","0,00000818","0,00000689","107.695,50B","5,52%"
"16.03.2024","0,00000743","0,00000892","0,00000905","0,00000703","133.317,35B","-16,61%"
"15.03.2024","0,00000891","0,00000996","0,00001030","0,00000832","137.891,39B","-10,54%"
"14.03.2024","0,00000996","0,00000902","0,00001077","0,00000876","210.696,50B","10,42%"
"13.03.2024","0,00000902","0,00000828","0,00000936","0,00000811","136.590,60B","8,94%"
"12.03.2024","0,00000828","0,00000903","0,00000913","0,00000762","82.811,55B","-8,61%"
"11.03.2024","0,00000906","0,00000854","0,00000946","0,00000790","101.493,47B","5,84%"
"10.03.2024","0,00000856","0,00000876","0,00000928","0,00000821","87.443,31B","-2,28%"
"09.03.2024","0,00000876","0,00000890","0,00000929","0,00000845","123.360,34B","-2,77%"
"08.03.2024","0,00000901","0,00000682","0,00000949","0,00000675","247.188,71B","32,11%"
"07.03.2024","0,00000682","0,00000719","0,00000756","0,00000640","105.464,24B","-5,41%"
"06.03.2024","0,00000721","0,00000632","0,00000821","0,00000592","202.961,20B","14,08%"
"05.03.2024","0,00000632","0,00000700","0,00000863","0,00000512","301.305,44B","-9,71%"
"04.03.2024","0,00000700","0,00000593","0,00000826","0,00000563","321.170,47B","18,44%"
"03.03.2024","0,00000591","0,00000438","0,00000599","0,00000365","256.419,51B","35,24%"
"02.03.2024","0,00000437","0,00000399","0,00000497","0,00000393","219.906,72B","9,52%"
"01.03.2024","0,00000399","0,00000274","0,00000429","0,00000268","266.077,23B","45,62%"
"29.02.2024","0,00000274","0,00000318","0,00000331","0,00000264","148.901,32B","-13,84%"
"28.02.2024","0,00000318","0,00000265","0,00000337","0,00000257","372.242,16B","20,00%"
"27.02.2024","0,00000265","0,00000181","0,00000295","0,00000174","331.858,53B","47,22%"
"26.02.2024","0,00000180","0,00000137","0,00000188","0,00000134","145.194,02B","31,39%"
"25.02.2024","0,00000137","0,00000131","0,00000140","0,00000128","46.820,97B","4,58%"
"24.02.2024","0,00000131","0,00000119","0,00000132","0,00000115","39.709,03B","10,08%"
"23.02.2024","0,00000119","0,00000121","0,00000141","0,00000117","96.727,35B","-1,65%"
"22.02.2024","0,00000121","0,00000115","0,00000124","0,00000110","38.870,85B","5,22%"
"21.02.2024","0,00000115","0,00000120","0,00000120","0,00000110","27.586,08B","-4,17%"
"20.02.2024","0,00000120","0,00000123","0,00000124","0,00000113","40.860,73B","-2,44%"
"19.02.2024","0,00000123","0,00000122","0,00000126","0,00000119","25.417,43B","0,82%"
"18.02.2024","0,00000122","0,00000118","0,00000123","0,00000117","20.677,12B","3,39%"
"17.02.2024","0,00000118","0,00000116","0,00000120","0,00000111","22.908,36B","1,72%"
"16.02.2024","0,00000116","0,00000124","0,00000126","0,00000114","34.153,20B","-6,45%"
"15.02.2024","0,00000124","0,00000125","0,00000131","0,00000120","53.844,87B","-0,80%"
"14.02.2024","0,00000125","0,00000108","0,00000126","0,00000106","57.552,72B","15,74%"
"13.02.2024","0,00000108","0,00000108","0,00000113","0,00000105","34.629,01B","0,00%"
"12.02.2024","0,00000108","0,00000101","0,00000109","0,00000098","21.692,51B","6,93%"
"11.02.2024","0,00000101","0,00000102","0,00000104","0,00000098","13.951,24B","-0,98%"
"10.02.2024","0,00000102","0,00000101","0,00000104","0,00000100","15.463,45B","0,99%"
"09.02.2024","0,00000101","0,00000095","0,00000103","0,00000095","24.103,17B","6,32%"
"08.02.2024","0,00000095","0,00000097","0,00000099","0,00000095","22.774,40B","-2,06%"
"07.02.2024","0,00000097","0,00000091","0,00000098","0,00000090","21.451,74B","6,59%"
"06.02.2024","0,00000091","0,00000090","0,00000092","0,00000088","18.330,78B","1,11%"
"05.02.2024","0,00000090","0,00000088","0,00000098","0,00000086","31.039,28B","1,12%"
"04.02.2024","0,00000089","0,00000092","0,00000092","0,00000088","16.666,75B","-3,26%"
"03.02.2024","0,00000092","0,00000093","0,00000095","0,00000092","8.986,36B","-1,08%"
"02.02.2024","0,00000093","0,00000092","0,00000094","0,00000091","15.379,72B","1,09%"
"01.02.2024","0,00000092","0,00000092","0,00000094","0,00000089","24.171,37B","0,00%"
"31.01.2024","0,00000092","0,00000101","0,00000102","0,00000090","51.641,45B","-8,91%"
"30.01.2024","0,00000101","0,00000107","0,00000108","0,00000100","29.224,46B","-5,61%"
"29.01.2024","0,00000107","0,00000106","0,00000108","0,00000103","19.063,32B","0,94%"
"28.01.2024","0,00000106","0,00000109","0,00000112","0,00000105","17.993,74B","-2,75%"
"27.01.2024","0,00000109","0,00000108","0,00000111","0,00000107","13.010,90B","0,93%"
"26.01.2024","0,00000108","0,00000103","0,00000109","0,00000101","16.273,90B","4,85%"
"25.01.2024","0,00000103","0,00000104","0,00000105","0,00000100","14.932,16B","-0,96%"
"24.01.2024","0,00000104","0,00000105","0,00000107","0,00000102","19.095,56B","-0,95%"
"23.01.2024","0,00000105","0,00000106","0,00000108","0,00000098","29.606,75B","-0,94%"
"22.01.2024","0,00000106","0,00000112","0,00000113","0,00000104","23.266,42B","-5,36%"
"21.01.2024","0,00000112","0,00000117","0,00000120","0,00000112","13.094,24B","-4,27%"
"20.01.2024","0,00000117","0,00000114","0,00000118","0,00000111","19.135,13B","2,63%"
"19.01.2024","0,00000114","0,00000115","0,00000115","0,00000106","21.612,82B","-0,87%"
"18.01.2024","0,00000115","0,00000121","0,00000121","0,00000112","25.556,71B","-4,96%"
"17.01.2024","0,00000121","0,00000124","0,00000127","0,00000119","25.277,64B","-2,42%"
"16.01.2024","0,00000124","0,00000121","0,00000127","0,00000118","22.435,30B","2,48%"
"15.01.2024","0,00000121","0,00000119","0,00000125","0,00000119","14.996,79B","1,68%"
"14.01.2024","0,00000119","0,00000125","0,00000126","0,00000119","21.636,13B","-4,80%"
"13.01.2024","0,00000125","0,00000124","0,00000127","0,00000119","26.124,25B","0,81%"
"12.01.2024","0,00000124","0,00000137","0,00000141","0,00000121","64.522,22B","-9,49%"
"11.01.2024","0,00000137","0,00000132","0,00000150","0,00000130","87.888,28B","3,79%"
"10.01.2024","0,00000132","0,00000120","0,00000138","0,00000116","91.681,34B","10,00%"
"09.01.2024","0,00000120","0,00000120","0,00000125","0,00000110","36.077,56B","0,00%"
"08.01.2024","0,00000120","0,00000111","0,00000121","0,00000103","39.212,66B","8,11%"
"07.01.2024","0,00000111","0,00000115","0,00000122","0,00000109","23.963,87B","-4,31%"
"06.01.2024","0,00000116","0,00000120","0,00000120","0,00000110","27.436,79B","-3,33%"
"05.01.2024","0,00000120","0,00000126","0,00000128","0,00000116","34.093,59B","-4,00%"
"04.01.2024","0,00000125","0,00000119","0,00000129","0,00000117","32.320,39B","5,04%"
"03.01.2024","0,00000119","0,00000133","0,00000143","0,00000106","72.694,80B","-10,53%"
"02.01.2024","0,00000133","0,00000140","0,00000144","0,00000132","25.003,02B","-5,00%"
"01.01.2024","0,00000140","0,00000130","0,00000141","0,00000126","18.419,29B","7,69%"
"31.12.2023","0,00000130","0,00000131","0,00000136","0,00000127","17.458,74B","0,00%"
"30.12.2023","0,00000130","0,00000135","0,00000137","0,00000130","17.008,40B","-3,70%"
"29.12.2023","0,00000135","0,00000135","0,00000144","0,00000130","30.116,99B","0,00%"
"28.12.2023","0,00000135","0,00000144","0,00000150","0,00000133","39.874,69B","-6,25%"
"27.12.2023","0,00000144","0,00000134","0,00000149","0,00000128","44.265,02B","8,27%"
"26.12.2023","0,00000133","0,00000141","0,00000143","0,00000127","41.137,62B","-5,67%"
"25.12.2023","0,00000141","0,00000138","0,00000145","0,00000136","27.446,59B","2,17%"
"24.12.2023","0,00000138","0,00000148","0,00000149","0,00000134","38.603,69B","-6,76%"
"23.12.2023","0,00000148","0,00000158","0,00000160","0,00000144","39.106,95B","-6,33%"
"22.12.2023","0,00000158","0,00000131","0,00000159","0,00000126","109.245,19B","21,54%"
"21.12.2023","0,00000130","0,00000127","0,00000133","0,00000123","30.622,84B","2,36%"
"20.12.2023","0,00000127","0,00000125","0,00000132","0,00000123","24.697,08B","1,60%"
"19.12.2023","0,00000125","0,00000131","0,00000134","0,00000124","24.085,92B","-4,58%"
"18.12.2023","0,00000131","0,00000133","0,00000136","0,00000121","33.676,96B","-1,50%"
"17.12.2023","0,00000133","0,00000141","0,00000147","0,00000133","28.848,71B","-5,67%"
"16.12.2023","0,00000141","0,00000133","0,00000147","0,00000131","39.088,95B","6,02%"
"15.12.2023","0,00000133","0,00000148","0,00000150","0,00000132","37.417,29B","-10,14%"
"14.12.2023","0,00000148","0,00000142","0,00000148","0,00000135","45.252,33B","4,96%"
"13.12.2023","0,00000141","0,00000139","0,00000144","0,00000130","34.849,47B","1,44%"
"12.12.2023","0,00000139","0,00000142","0,00000146","0,00000135","41.315,35B","-2,11%"
"11.12.2023","0,00000142","0,00000160","0,00000162","0,00000133","66.023,84B","-11,25%"
"10.12.2023","0,00000160","0,00000154","0,00000163","0,00000150","40.292,72B","3,90%"
"09.12.2023","0,00000154","0,00000158","0,00000175","0,00000150","76.188,84B","-2,53%"
"08.12.2023","0,00000158","0,00000153","0,00000160","0,00000149","40.892,64B","3,27%"
"07.12.2023","0,00000153","0,00000148","0,00000165","0,00000142","64.695,25B","3,38%"
"06.12.2023","0,00000148","0,00000162","0,00000169","0,00000146","123.707,67B","-8,64%"
"05.12.2023","0,00000162","0,00000139","0,00000168","0,00000134","194.125,93B","16,55%"
"04.12.2023","0,00000139","0,00000120","0,00000149","0,00000118","157.945,69B","15,83%"
"03.12.2023","0,00000120","0,00000117","0,00000124","0,00000116","41.172,21B","2,56%"
"02.12.2023","0,00000117","0,00000111","0,00000120","0,00000110","28.327,49B","5,41%"
"01.12.2023","0,00000111","0,00000109","0,00000112","0,00000108","16.026,35B","1,83%"
"30.11.2023","0,00000109","0,00000106","0,00000109","0,00000105","13.363,38B","2,83%"
"29.11.2023","0,00000106","0,00000110","0,00000112","0,00000105","17.357,75B","-3,64%"
"28.11.2023","0,00000110","0,00000109","0,00000112","0,00000103","21.117,60B","0,92%"
"27.11.2023","0,00000109","0,00000111","0,00000113","0,00000104","30.405,63B","-1,80%"
"26.11.2023","0,00000111","0,00000118","0,00000119","0,00000108","29.847,76B","-5,93%"
"25.11.2023","0,00000118","0,00000111","0,00000119","0,00000110","28.309,69B","6,31%"
"24.11.2023","0,00000111","0,00000107","0,00000114","0,00000106","22.164,81B","3,74%"
"23.11.2023","0,00000107","0,00000110","0,00000114","0,00000107","18.978,60B","-2,73%"
"22.11.2023","0,00000110","0,00000103","0,00000112","0,00000103","26.254,51B","6,80%"
"21.11.2023","0,00000103","0,00000114","0,00000115","0,00000103","46.967,06B","-9,65%"
"20.11.2023","0,00000114","0,00000119","0,00000124","0,00000113","49.272,43B","-4,20%"
"19.11.2023","0,00000119","0,00000115","0,00000119","0,00000111","20.589,71B","3,48%"
"18.11.2023","0,00000115","0,00000115","0,00000115","0,00000109","15.544,98B","0,00%"
"17.11.2023","0,00000115","0,00000115","0,00000118","0,00000109","31.568,49B","0,00%"
"16.11.2023","0,00000115","0,00000125","0,00000132","0,00000112","63.557,07B","-8,00%"
"15.11.2023","0,00000125","0,00000116","0,00000129","0,00000114","50.471,10B","7,76%"
"14.11.2023","0,00000116","0,00000117","0,00000120","0,00000109","47.772,94B","-0,85%"
"13.11.2023","0,00000117","0,00000123","0,00000130","0,00000115","79.408,38B","-4,88%"
"12.11.2023","0,00000123","0,00000128","0,00000130","0,00000119","55.241,30B","-3,91%"
"11.11.2023","0,00000128","0,00000135","0,00000138","0,00000125","51.996,21B","-5,19%"
"10.11.2023","0,00000135","0,00000133","0,00000136","0,00000123","64.127,83B","1,50%"
"09.11.2023","0,00000133","0,00000118","0,00000146","0,00000117","168.303,80B","12,71%"
"08.11.2023","0,00000118","0,00000117","0,00000120","0,00000114","34.096,93B","0,85%"
"07.11.2023","0,00000117","0,00000121","0,00000121","0,00000108","47.703,95B","-3,31%"
"06.11.2023","0,00000121","0,00000112","0,00000121","0,00000111","57.621,40B","8,04%"
"05.11.2023","0,00000112","0,00000112","0,00000115","0,00000108","33.757,27B","0,00%"
"04.11.2023","0,00000112","0,00000108","0,00000114","0,00000106","31.007,71B","3,70%"
"03.11.2023","0,00000108","0,00000109","0,00000110","0,00000103","40.502,30B","-0,92%"
"02.11.2023","0,00000109","0,00000119","0,00000121","0,00000106","59.630,61B","-8,40%"
"01.11.2023","0,00000119","0,00000115","0,00000122","0,00000109","59.466,12B","3,48%"
"31.10.2023","0,00000115","0,00000118","0,00000121","0,00000110","47.770,96B","-2,54%"
"30.10.2023","0,00000118","0,00000115","0,00000123","0,00000113","55.857,63B","2,61%"
"29.10.2023","0,00000115","0,00000114","0,00000116","0,00000111","37.145,06B","0,88%"
"28.10.2023","0,00000114","0,00000117","0,00000126","0,00000112","45.821,65B","-2,56%"
"27.10.2023","0,00000117","0,00000129","0,00000129","0,00000111","94.246,55B","-9,30%"
"26.10.2023","0,00000129","0,00000121","0,00000136","0,00000112","163.770,93B","6,61%"
"25.10.2023","0,00000121","0,00000093","0,00000124","0,00000091","182.380,38B","30,11%"
"24.10.2023","0,00000093","0,00000100","0,00000105","0,00000086","218.079,38B","-7,00%"
"23.10.2023","0,00000100","0,00000075","0,00000101","0,00000073","98.488,62B","33,33%"
"22.10.2023","0,00000075","0,00000070","0,00000076","0,00000068","55.892,29B","7,14%"
"21.10.2023","0,00000070","0,00000066","0,00000073","0,00000065","45.081,51B","6,06%"
"20.10.2023","0,00000066","0,00000063","0,00000066","0,00000062","25.744,34B","4,76%"
"19.10.2023","0,00000063","0,00000063","0,00000064","0,00000062","16.422,65B","0,00%"
"18.10.2023","0,00000063","0,00000064","0,00000064","0,00000062","20.140,91B","-1,56%"
"17.10.2023","0,00000064","0,00000067","0,00000068","0,00000063","21.511,10B","-4,48%"
"16.10.2023","0,00000067","0,00000067","0,00000072","0,00000066","36.632,31B","0,00%"
"15.10.2023","0,00000067","0,00000065","0,00000068","0,00000063","28.766,68B","3,08%"
"14.10.2023","0,00000065","0,00000065","0,00000065","0,00000064","9.182,67B","0,00%"
"13.10.2023","0,00000065","0,00000062","0,00000066","0,00000062","20.367,75B","4,84%"
"12.10.2023","0,00000062","0,00000064","0,00000064","0,00000061","13.048,97B","-3,13%"
"11.10.2023","0,00000064","0,00000065","0,00000066","0,00000062","18.330,97B","0,00%"
"10.10.2023","0,00000064","0,00000066","0,00000067","0,00000064","11.675,24B","-3,03%"
"09.10.2023","0,00000066","0,00000072","0,00000072","0,00000064","23.455,38B","-8,33%"
"08.10.2023","0,00000072","0,00000071","0,00000072","0,00000069","12.433,87B","1,41%"
"07.10.2023","0,00000071","0,00000072","0,00000073","0,00000070","10.769,43B","-1,39%"
"06.10.2023","0,00000072","0,00000070","0,00000073","0,00000069","18.345,13B","2,86%"
"05.10.2023","0,00000070","0,00000072","0,00000073","0,00000070","20.214,68B","-2,78%"
"04.10.2023","0,00000072","0,00000072","0,00000073","0,00000069","19.877,82B","0,00%"
"03.10.2023","0,00000072","0,00000075","0,00000075","0,00000071","21.431,08B","-4,00%"
"02.10.2023","0,00000075","0,00000081","0,00000085","0,00000073","49.254,11B","-7,41%"
"01.10.2023","0,00000081","0,00000080","0,00000083","0,00000077","29.856,16B","1,25%"
"30.09.2023","0,00000080","0,00000079","0,00000082","0,00000077","38.739,10B","1,27%"
"29.09.2023","0,00000079","0,00000073","0,00000083","0,00000072","59.606,47B","8,22%"
"28.09.2023","0,00000073","0,00000073","0,00000075","0,00000070","28.474,43B","0,00%"
"27.09.2023","0,00000073","0,00000069","0,00000077","0,00000069","43.806,44B","5,80%"
"26.09.2023","0,00000069","0,00000071","0,00000072","0,00000068","25.717,64B","-2,82%"
"25.09.2023","0,00000071","0,00000068","0,00000072","0,00000066","43.931,33B","4,41%"
"24.09.2023","0,00000068","0,00000068","0,00000069","0,00000066","27.702,11B","0,00%"
"23.09.2023","0,00000068","0,00000071","0,00000074","0,00000066","60.403,91B","-5,56%"
"22.09.2023","0,00000072","0,00000061","0,00000074","0,00000061","77.127,47B","18,03%"
"21.09.2023","0,00000061","0,00000063","0,00000064","0,00000060","17.923,40B","-3,17%"
"20.09.2023","0,00000063","0,00000064","0,00000065","0,00000061","23.989,40B","-1,56%"
"19.09.2023","0,00000064","0,00000063","0,00000065","0,00000062","18.766,61B","1,59%"
"18.09.2023","0,00000063","0,00000063","0,00000065","0,00000062","31.981,54B","0,00%"
"17.09.2023","0,00000063","0,00000068","0,00000068","0,00000061","32.626,77B","-7,35%"
"16.09.2023","0,00000068","0,00000068","0,00000070","0,00000067","17.286,51B","0,00%"
"15.09.2023","0,00000068","0,00000068","0,00000069","0,00000066","21.266,97B","0,00%"
"14.09.2023","0,00000068","0,00000067","0,00000070","0,00000067","17.332,88B","1,49%"
"13.09.2023","0,00000067","0,00000067","0,00000070","0,00000065","29.990,78B","0,00%"
"12.09.2023","0,00000067","0,00000067","0,00000070","0,00000066","33.122,02B","0,00%"
"11.09.2023","0,00000067","0,00000071","0,00000071","0,00000064","42.666,11B","-5,63%"
"10.09.2023","0,00000071","0,00000079","0,00000079","0,00000069","39.321,42B","-10,13%"
"09.09.2023","0,00000079","0,00000079","0,00000080","0,00000078","11.689,76B","0,00%"
"08.09.2023","0,00000079","0,00000081","0,00000082","0,00000078","20.213,72B","-2,47%"
"07.09.2023","0,00000081","0,00000080","0,00000082","0,00000078","17.298,60B","1,25%"
"06.09.2023","0,00000080","0,00000080","0,00000081","0,00000077","25.466,01B","0,00%"
"05.09.2023","0,00000080","0,00000080","0,00000082","0,00000078","22.476,85B","0,00%"
"04.09.2023","0,00000080","0,00000080","0,00000083","0,00000078","26.266,20B","0,00%"
"03.09.2023","0,00000080","0,00000078","0,00000081","0,00000077","16.433,43B","2,56%"
"02.09.2023","0,00000078","0,00000077","0,00000080","0,00000076","23.974,30B","1,30%"
"01.09.2023","0,00000077","0,00000080","0,00000083","0,00000075","36.707,04B","-3,75%"
"31.08.2023","0,00000080","0,00000087","0,00000087","0,00000079","38.603,48B","-8,05%"
"30.08.2023","0,00000087","0,00000090","0,00000090","0,00000086","28.695,34B","-3,33%"
"29.08.2023","0,00000090","0,00000085","0,00000091","0,00000081","68.122,39B","5,88%"
"28.08.2023","0,00000085","0,00000090","0,00000091","0,00000084","35.374,75B","-5,56%"
"27.08.2023","0,00000090","0,00000087","0,00000091","0,00000086","34.265,27B","3,45%"
"26.08.2023","0,00000087","0,00000089","0,00000097","0,00000085","65.310,75B","-2,25%"
"25.08.2023","0,00000089","0,00000095","0,00000095","0,00000079","151.359,11B","-6,32%"
"24.08.2023","0,00000095","0,00000110","0,00000111","0,00000092","76.302,85B","-13,64%"
"23.08.2023","0,00000110","0,00000107","0,00000113","0,00000104","30.453,45B","2,80%"
"22.08.2023","0,00000107","0,00000109","0,00000109","0,00000102","24.536,51B","-1,83%"
"21.08.2023","0,00000109","0,00000112","0,00000113","0,00000105","24.023,54B","-2,68%"
"20.08.2023","0,00000112","0,00000113","0,00000115","0,00000110","14.894,82B","-1,75%"
"19.08.2023","0,00000114","0,00000109","0,00000115","0,00000108","28.753,73B","4,59%"
"18.08.2023","0,00000109","0,00000109","0,00000112","0,00000105","40.526,31B","0,00%"
"17.08.2023","0,00000109","0,00000116","0,00000122","0,00000095","81.794,74B","-6,84%"
"16.08.2023","0,00000117","0,00000127","0,00000128","0,00000114","48.106,18B","-7,87%"
"15.08.2023","0,00000127","0,00000141","0,00000141","0,00000124","43.430,49B","-9,93%"
"14.08.2023","0,00000141","0,00000136","0,00000146","0,00000132","50.275,80B","3,68%"
"13.08.2023","0,00000136","0,00000136","0,00000143","0,00000132","35.890,10B","0,00%"
"12.08.2023","0,00000136","0,00000125","0,00000136","0,00000124","40.050,34B","8,80%"
"11.08.2023","0,00000125","0,00000123","0,00000127","0,00000122","16.627,57B","1,63%"
"10.08.2023","0,00000123","0,00000124","0,00000127","0,00000121","23.022,53B","-0,81%"
"09.08.2023","0,00000124","0,00000117","0,00000129","0,00000117","68.457,35B","5,98%"
"08.08.2023","0,00000117","0,00000112","0,00000123","0,00000110","53.509,36B","4,46%"
"07.08.2023","0,00000112","0,00000115","0,00000120","0,00000106","38.031,80B","-2,61%"
"06.08.2023","0,00000115","0,00000115","0,00000118","0,00000113","19.530,65B","0,00%"
"05.08.2023","0,00000115","0,00000115","0,00000117","0,00000112","21.642,35B","0,00%"
"04.08.2023","0,00000115","0,00000120","0,00000122","0,00000114","26.158,27B","-4,17%"
"03.08.2023","0,00000120","0,00000122","0,00000123","0,00000119","16.274,53B","-1,64%"
"02.08.2023","0,00000122","0,00000131","0,00000132","0,00000121","44.080,36B","-6,87%"
"01.08.2023","0,00000131","0,00000124","0,00000131","0,00000119","36.857,40B","5,65%"
"31.07.2023","0,00000124","0,00000130","0,00000132","0,00000120","21.242,03B","-4,62%"
"30.07.2023","0,00000130","0,00000135","0,00000135","0,00000126","20.810,17B","-3,70%"
"29.07.2023","0,00000135","0,00000133","0,00000136","0,00000132","9.697,74B","1,50%"
"28.07.2023","0,00000133","0,00000135","0,00000138","0,00000129","23.422,41B","-1,48%"
"27.07.2023","0,00000135","0,00000134","0,00000144","0,00000131","39.338,52B","0,75%"
"26.07.2023","0,00000134","0,00000130","0,00000139","0,00000122","49.097,86B","3,08%"
"25.07.2023","0,00000130","0,00000135","0,00000136","0,00000129","24.743,46B","-3,70%"
"24.07.2023","0,00000135","0,00000151","0,00000151","0,00000131","40.499,23B","-10,60%"
"23.07.2023","0,00000151","0,00000149","0,00000154","0,00000147","11.285,53B","1,34%"
"22.07.2023","0,00000149","0,00000153","0,00000155","0,00000147","10.538,54B","-2,61%"
"21.07.2023","0,00000153","0,00000150","0,00000155","0,00000148","21.841,72B","2,00%"
"20.07.2023","0,00000150","0,00000152","0,00000158","0,00000147","21.802,58B","-1,32%"
"19.07.2023","0,00000152","0,00000152","0,00000158","0,00000151","20.531,00B","0,00%"
"18.07.2023","0,00000152","0,00000158","0,00000160","0,00000148","23.826,64B","-3,80%"
"17.07.2023","0,00000158","0,00000157","0,00000161","0,00000151","31.742,37B","0,64%"
"16.07.2023","0,00000157","0,00000165","0,00000167","0,00000156","20.936,80B","-4,85%"
"15.07.2023","0,00000165","0,00000164","0,00000171","0,00000161","33.196,25B","0,00%"
"14.07.2023","0,00000165","0,00000171","0,00000188","0,00000156","112.278,33B","-3,51%"
"13.07.2023","0,00000171","0,00000150","0,00000176","0,00000146","72.766,75B","14,00%"
"12.07.2023","0,00000150","0,00000151","0,00000157","0,00000149","27.754,52B","-0,66%"
"11.07.2023","0,00000151","0,00000151","0,00000154","0,00000148","20.249,23B","0,00%"
"10.07.2023","0,00000151","0,00000154","0,00000159","0,00000144","50.216,56B","-1,95%"
"09.07.2023","0,00000154","0,00000156","0,00000158","0,00000153","17.418,12B","-1,28%"
"08.07.2023","0,00000156","0,00000156","0,00000159","0,00000151","19.930,92B","0,00%"
"07.07.2023","0,00000156","0,00000155","0,00000160","0,00000151","45.495,69B","0,65%"
"06.07.2023","0,00000155","0,00000165","0,00000179","0,00000153","68.048,97B","-6,63%"
"05.07.2023","0,00000166","0,00000171","0,00000177","0,00000161","43.932,98B","-2,92%"
"04.07.2023","0,00000171","0,00000184","0,00000187","0,00000169","59.604,79B","-7,07%"
"03.07.2023","0,00000184","0,00000158","0,00000186","0,00000156","109.987,67B","16,46%"
"02.07.2023","0,00000158","0,00000155","0,00000161","0,00000149","30.454,52B","1,94%"
"01.07.2023","0,00000155","0,00000162","0,00000164","0,00000152","35.904,15B","-4,32%"
"30.06.2023","0,00000162","0,00000154","0,00000170","0,00000148","136.258,47B","5,19%"
"29.06.2023","0,00000154","0,00000143","0,00000162","0,00000141","62.823,01B","8,45%"
"28.06.2023","0,00000142","0,00000161","0,00000162","0,00000139","61.889,39B","-11,80%"
"27.06.2023","0,00000161","0,00000150","0,00000167","0,00000149","67.132,95B","6,62%"
"26.06.2023","0,00000151","0,00000161","0,00000163","0,00000149","73.746,15B","-6,21%"
"25.06.2023","0,00000161","0,00000155","0,00000167","0,00000152","77.060,74B","3,87%"
"24.06.2023","0,00000155","0,00000164","0,00000176","0,00000150","104.122,53B","-5,49%"
"23.06.2023","0,00000164","0,00000155","0,00000178","0,00000146","151.166,81B","5,81%"
"22.06.2023","0,00000155","0,00000138","0,00000169","0,00000136","268.579,47B","12,32%"
"21.06.2023","0,00000138","0,00000106","0,00000146","0,00000104","201.565,37B","30,19%"
"20.06.2023","0,00000106","0,00000095","0,00000108","0,00000091","54.052,79B","11,58%"
"19.06.2023","0,00000095","0,00000094","0,00000096","0,00000091","29.926,45B","1,06%"
"18.06.2023","0,00000094","0,00000100","0,00000101","0,00000093","29.469,77B","-6,00%"
"17.06.2023","0,00000100","0,00000096","0,00000104","0,00000095","54.655,20B","4,17%"
"16.06.2023","0,00000096","0,00000089","0,00000104","0,00000087","83.214,00B","7,87%"
"15.06.2023","0,00000089","0,00000089","0,00000092","0,00000084","43.203,17B","0,00%"
"14.06.2023","0,00000089","0,00000091","0,00000095","0,00000086","47.115,88B","-2,20%"
"13.06.2023","0,00000091","0,00000090","0,00000098","0,00000089","61.529,40B","1,11%"
"12.06.2023","0,00000090","0,00000092","0,00000094","0,00000085","45.614,03B","-2,17%"
"11.06.2023","0,00000092","0,00000093","0,00000095","0,00000089","40.032,21B","-1,08%"
"10.06.2023","0,00000093","0,00000113","0,00000114","0,00000087","120.838,59B","-17,70%"
"09.06.2023","0,00000113","0,00000109","0,00000120","0,00000106","62.877,47B","4,63%"
"08.06.2023","0,00000108","0,00000107","0,00000113","0,00000103","39.737,93B","0,93%"
"07.06.2023","0,00000107","0,00000120","0,00000122","0,00000105","65.927,26B","-10,83%"
"06.06.2023","0,00000120","0,00000104","0,00000126","0,00000097","112.654,55B","15,38%"
"05.06.2023","0,00000104","0,00000124","0,00000124","0,00000096","86.381,28B","-16,13%"
"04.06.2023","0,00000124","0,00000130","0,00000130","0,00000122","27.860,09B","-4,62%"
"03.06.2023","0,00000130","0,00000129","0,00000134","0,00000126","35.520,82B","1,56%"
"02.06.2023","0,00000128","0,00000125","0,00000131","0,00000123","27.722,29B","2,40%"
"01.06.2023","0,00000125","0,00000127","0,00000133","0,00000122","46.575,57B","-1,57%"
"31.05.2023","0,00000127","0,00000129","0,00000132","0,00000119","53.711,90B","-1,55%"
"30.05.2023","0,00000129","0,00000143","0,00000144","0,00000125","47.998,94B","-9,79%"
"29.05.2023","0,00000143","0,00000150","0,00000152","0,00000142","31.600,90B","-4,67%"
"28.05.2023","0,00000150","0,00000152","0,00000154","0,00000143","40.590,33B","-0,66%"
"27.05.2023","0,00000151","0,00000146","0,00000152","0,00000143","36.080,01B","3,42%"
"26.05.2023","0,00000146","0,00000143","0,00000148","0,00000138","49.883,67B","2,10%"
"25.05.2023","0,00000143","0,00000143","0,00000147","0,00000135","59.730,68B","0,00%"
"24.05.2023","0,00000143","0,00000160","0,00000160","0,00000134","93.930,64B","-10,63%"
"23.05.2023","0,00000160","0,00000153","0,00000165","0,00000152","55.776,94B","4,58%"
"22.05.2023","0,00000153","0,00000160","0,00000160","0,00000151","52.205,07B","-4,38%"
"21.05.2023","0,00000160","0,00000171","0,00000175","0,00000158","75.272,13B","-6,43%"
"20.05.2023","0,00000171","0,00000153","0,00000191","0,00000150","107.556,17B","12,50%"
"19.05.2023","0,00000152","0,00000159","0,00000159","0,00000148","52.603,95B","-4,40%"
"18.05.2023","0,00000159","0,00000158","0,00000164","0,00000151","82.741,29B","0,63%"
"17.05.2023","0,00000158","0,00000166","0,00000169","0,00000146","102.946,57B","-4,82%"
"16.05.2023","0,00000166","0,00000174","0,00000182","0,00000165","84.286,82B","-4,60%"
"15.05.2023","0,00000174","0,00000178","0,00000178","0,00000161","112.592,70B","-2,25%"
"14.05.2023","0,00000178","0,00000187","0,00000194","0,00000175","122.105,66B","-4,81%"
"13.05.2023","0,00000187","0,00000175","0,00000206","0,00000156","294.650,43B","6,86%"
"12.05.2023","0,00000175","0,00000139","0,00000183","0,00000106","345.322,12B","25,90%"
"11.05.2023","0,00000139","0,00000192","0,00000194","0,00000126","182.469,74B","-27,60%"
"10.05.2023","0,00000192","0,00000200","0,00000212","0,00000174","122.763,81B","-4,00%"
"09.05.2023","0,00000200","0,00000195","0,00000211","0,00000175","165.216,54B","2,56%"
"08.05.2023","0,00000195","0,00000279","0,00000280","0,00000157","273.210,77B","-29,86%"
"07.05.2023","0,00000278","0,00000263","0,00000310","0,00000243","150.066,81B","5,70%"
"06.05.2023","0,00000263","0,00000373","0,00000382","0,00000231","251.952,83B","-29,68%"